"firstname","lastname","location","phoneNumber","category","transactionCode","jobId","amountPaid","status","taskPickedDate"
"PIUS","FELO","CHIROMO","+254702739555","COMPUTERS","Khshfshfk","315403","350","senttoassesor","26-3-2017"
"darell","felo","hurlingham","+254702739555","applliances & electricals",,"560374",,"ongoing","26-3-2017"
"darell","njibu","embakasi","+254707293292","landscaping",,"997103",,"ongoing","30-3-2017"
"darell","felo","kitisuru","+254707293292","windows & doors",,"396274",,"ongoing","30-3-2017"
"DARELL","FELO","KITISURU","+254707293292","WINDOWS & DOORS","Khshfshfk","630976","350","senttoassesor","30-3-2017"
"DARELL","NGANGA","KILIMANI","+254707293292","WINDOWS & DOORS","Khshfshfk","471334","350","senttoassesor","30-3-2017"
"WACHIRA","FELO","IMARA DAIMA","+254707293292","MOBILE PHONE REPAIR","kfhsjfljsjfsjf","528840","350","senttoassesor","30-3-2017"
"GUTO","NJIBU","DONHOLM","+254707293292","PAINTING","Khshfshfk","672070","350","senttoassesor","30-3-2017"
"PIUS","NJIBU","KILELESHWA","+254707293292","CAPENTRY","Khshfshfk","332200","350","senttoassesor","30-3-2017"
"PIUS","FELO","HURLINGHAM","+254707293292","CARPET CLEANING","kfhsjfljsjfsjf","125495","350","senttoassesor","30-3-2017"
"DARELL","FELO","EMBAKASI","+254702739555","LANDSCAPING","Khshfshfk","939924","350","senttoassesor","30-3-2017"
"DARELL","FELO","IMARA DAIMA","+254702739555","MOBILE PHONE REPAIR","Khshfshfk","686762","350","senttoassesor","30-3-2017"
"DARELL","FELO","KINOO","+254702739555","CAPENTRY","JHSGSH","141646","350","senttoassesor","30-3-2017"